State,Total Renewable (%),Total Non-Renewable (%),energy_consumption (trillion btu),consumption_per_capita (btu),co2_emission (million metric tons),Total Energy Price per Million Btu,Total Energy Expenditure Million Dollars,Energy Expenditure per Capita Dollars,Energy Expenditures as Percent of GDP Percent,Average Retail Price of Electricity to Residential Sector(cents/kWh),Gasoline Prices Dollars per Million Btu,Gasoline Expenditures Million Dollars,Gasoline Expenditures per Capita Dollars,Petroleum Prices Dollars per Million Btu,Petroleum Expenditures Million Dollars,Natural Gas Prices Dollars per Million Btu,Natural Gas Expenditures Million Dollars,Coal trillion btu,Natural Gas trillion btu,Crude Oil trillion btu,Nuclear Electric Power trillion btu,Biofuels trillion btu,Wood and Waste trillion btu,Other trillion btu, total e,ACSTOTPOP,ACSIPOVBAS,ACSEDUCBAS,ACSTOTHH,ACSTOTHU,ACSUNEMPBAS,PEOPCOLOR,LOWINCOME,UNEMPLOYED,LESSHS,UNDER5,OVER64,RSEI_AIR,PRE1960,PNPL,PRMP,PTSDF,UST,PWDIS,D2_RSEI_AIR,D5_RSEI_AIR,AREALAND,AREAWATER,NPL_CNT,TSDF_CNT,EXCEED_COUNT_80,EXCEED_COUNT_80_SUP,PM25,OZONE,DSLPM,CANCER,RESP,D2_PM25,D5_PM25,D2_OZONE,D5_OZONE,D2_DSLPM,D5_DSLPM,D2_CANCER,D5_CANCER,D2_RESP,D5_RESP,P_DEMOGIDX_2,P_DEMOGIDX_5,P_PEOPCOLORPCT,P_LOWINCPCT,P_UNEMPPCT,P_LINGISOPCT,P_LESSHSPCT,P_UNDER5PCT,P_OVER64PCT,P_PM25,P_OZONE,P_DSLPM,P_CANCER,P_RESP,P_PNPL,P_PRMP,P_PTSDF,P_UST,P_PWDIS,P_D2_PM25,P_D5_PM25,P_D2_OZONE,P_D5_OZONE,P_D2_DSLPM,P_D5_DSLPM,P_D2_CANCER,P_D5_CANCER,P_D2_RESP,P_D5_RESP,DEMOGIDX_2,DEMOGIDX_5,PRE1960PCT
alabama,11.3,88.6,1965.2,389.2,108.4,17.84,24224,4797,9.53,14.63,22.28,8582,1700,21.88,13087,5.23,3620,238.0,115.1,24.4,480.9,1.6,172.8,106.6,1139.5,4997675.0,4876863.0,3413803.0,1902983.0,2278526.0,2298013.0,1756672.0,1713502.0,124416.0,430047.0,295632.0,844427.0,30800300.47010332,379082.0,69.45732324869057,424.34543720097867,608.7634433566429,2628.824500433024,453.67295919088656,33483.45749117092,14096.01176154391,131175477769.0,4591897964.0,13.0,225.0,4081.0,4898.0,9.154195261152212,60.71487235888502,0.1867306169177127,33.56345885634589,0.4354253835425383,28.726596330363847,11.95257359515428,16.61557195090112,6.948885486446949,16.154168438137788,6.228546258596382,25.902680247860125,10.702001895557412,29.88697501506124,12.361238262409882,53.76896311760613,60.01600556715379,48.19345859429367,61.390396659707726,49.366040361865,22.50034794711204,59.02435629784273,50.35629784272791,54.27905358385525,73.49128919860627,43.7993031358885,37.94072524407253,66.08995815899581,75.5397489539749,32.62421711899791,41.40918580375783,31.78009742519137,43.49756097560976,48.37866108786611,68.58885017421603,74.58188153310104,50.84529616724738,52.90592334494774,44.73625608907446,45.35421016005567,75.01809324982602,80.13848295059151,75.5205288796103,81.46555323590815,0.3526979952015237,0.1538295451057581,0.166371592863105
alaska,30.4,69.6,684.2,931.9,38.9,20.42,6395,8711,11.15,24.72,34.62,1108,1509,19.65,4769,8.66,606,15.8,391.9,908.3,0.0,0.0,7.6,16.4,1340.0,735951.0,719086.0,484382.0,260561.0,324434.0,363718.0,301436.0,179091.0,25054.0,32669.0,50791.0,90188.0,12271.40194370196,24819.0,13.13684589693336,60.3329769629135,30.40576709179625,444.61250497004926,0.0,778.770670279527,289.17257056596475,1478942847588.0,245378425142.0,6.0,19.0,172.0,141.0,,,0.1905735771562712,23.07909604519774,0.3015254237288135,,,,,11.31272751799435,3.989112841661017,10.2786750560113,3.581065387502825,11.582502377457626,4.098629166361582,48.99435028248588,40.59322033898305,53.81920903954802,41.87570621468927,58.76836158192091,37.31638418079096,37.03389830508475,57.63841807909605,37.84180790960452,,,33.73446327683616,29.75706214689265,34.32203389830509,36.69491525423729,36.8361581920904,18.15254237288136,38.163841807909606,,,,,,31.54802259887005,29.57062146892656,34.49717514124294,32.87005649717514,37.271186440677965,35.6045197740113,0.3298043162318276,0.1189404726171044,0.0764993804595077
arizona,13.3,86.69999999999999,1563.1,215.2,83.0,25.06,25549,3517,6.08,14.28,27.85,9815,1351,24.77,15748,6.03,2819,0.0,0.2,,330.4,0.0,9.1,159.9,499.7,7079203.0,6926281.0,4792007.0,2683557.0,3056890.0,3401906.0,3297538.0,2196845.0,191115.0,560460.0,412606.0,1243859.0,5219841.732735511,242728.0,137.7361336898428,650.9842083876557,1254.0326696688535,2870.0461924914925,9881.08850958755,31658.21057862032,11638.706675417154,294363973043.0,855871553.0,9.0,161.0,4518.0,4425.0,5.854204158391866,65.98848018838527,0.2722011738260375,25.27515633882888,0.3113189312109153,5.206377171461789,1.8753883319384537,27.92828052020452,10.50693640336565,21.92568638964476,8.035222302956374,12.566964785013033,4.570776489437961,16.664578404111616,6.059372650984137,54.3671388101983,49.10651558073654,56.02492917847025,51.51274787535411,50.411331444759206,47.455524079320114,48.63172804532578,48.01869688385269,47.79773371104816,11.492351274787536,74.8158640226629,54.314951677089255,32.681068789084705,41.04036384309266,45.66968838526912,43.38186968838527,37.82946175637394,40.51671388101983,68.66355685131195,20.01869688385269,16.392634560906515,68.94957507082152,68.50028328611899,52.8356940509915,51.04475920679887,51.624362606232296,49.47762039660056,52.88045325779037,51.06458923512748,0.3923005019622314,0.1450002844995661,0.0794035768378972
arkansas,9.8,90.3,1079.1,356.4,62.0,18.43,13616,4496,9.16,12.44,22.55,4104,1355,21.94,7384,7.94,2755,0.0,457.5,24.0,141.6,6.1,64.3,42.1,735.5,3006309.0,2923735.0,2021290.0,1158460.0,1361880.0,1384596.0,882594.0,1121375.0,73733.0,248721.0,184580.0,505361.0,9022463.922051502,197719.0,30.97018614745871,340.17758019468823,440.7456178885675,851.6735294414162,55626.58136611521,13637.617183924722,6183.836667565675,134660767709.0,3121950081.0,9.0,178.0,1477.0,2061.0,8.97855879701726,57.33805718104496,0.169305488238153,29.781287970838395,0.3670716889428919,24.99870531200313,11.363348060025658,7.408797956791401,3.4457365769371595,13.526843614134872,5.737839190199271,18.133441978731472,8.219144882582016,19.88284205734629,9.048803709308627,51.68529769137302,62.172539489671934,41.03280680437424,65.81652490887,49.59781287970839,24.87484811664641,58.82017010935601,51.91616038882138,54.05346294046173,69.50182260024302,20.424058323207777,34.32077764277035,49.556500607533415,55.1093560145808,22.81409477521264,43.58323207776428,34.377885783718106,35.25030376670717,45.0632603406326,65.91130012150668,73.86755771567437,30.0,29.449574726609963,41.58566221142163,43.74726609963548,66.49939246658566,72.56622114216282,65.91737545565006,72.84811664641555,0.3400159850959676,0.1595854241036979,0.1451809263664931
california,42.3,57.5,7387.9,188.7,324.0,28.43,150204,3837,4.45,31.22,32.46,52382,1338,28.12,85813,9.86,19426,0.0,160.8,765.9,172.1,36.7,149.9,867.0,2152.5,39455353.0,38701352.0,26797070.0,13217586.0,14328539.0,19980462.0,25346056.0,11040032.0,1303741.0,4236035.0,2350335.0,5669879.0,7082566.868202869,3980890.0,1549.0067869409097,5316.055090458267,54446.11725376055,13145.260035687956,36612.49059630463,168647.467376615,56392.82072853536,403671756816.0,20293573058.0,97.0,3728.0,41967.0,34654.0,8.65179498663211,66.08127722481343,0.2613361624143391,26.65339784473279,0.3415218825599296,28.936336757455155,9.837496540054522,29.43531026140011,10.207918485266248,26.48394734700263,8.956875804496002,18.490029068612444,6.4237362804509806,22.65633949187753,7.777368246980502,64.80151166611896,52.9766677620769,70.87216562602694,46.1889582648702,57.59634132982802,68.94413407821229,57.55668747946106,50.72406616277796,42.46160587139884,58.4965978928885,61.62862159789289,53.53815702661095,36.838464921926544,46.01957334506268,57.31043925950269,56.67871617920911,79.61945448570489,22.37510974539069,58.99849936511601,62.6267559262511,56.202260755048286,63.399253731343286,58.72322212467076,61.448570489648375,55.82199583744112,61.45590973819696,55.99627560521415,64.08084127505751,59.34078212290503,0.4641897806480625,0.1564621792255774,0.2778294423457964
colorado,32.8,67.1,1509.2,259.7,85.4,20.61,20474,3523,4.69,14.67,26.55,7241,1246,23.99,11983,7.74,3259,247.9,2300.9,873.0,0.0,19.2,15.3,173.6,3629.8,5723176.0,5605422.0,3937040.0,2227932.0,2454873.0,3120868.0,1901348.0,1323253.0,145038.0,300620.0,324246.0,819254.0,4559558.64512693,421648.0,146.12182835496364,489.486771729389,806.7174424358894,3710.221385959134,910369.2907744712,20156.480327417616,7787.990095799608,268418796417.0,1185716938.0,21.0,116.0,1946.0,1981.0,6.3977442655849135,64.77182357118176,0.2569240594833333,20.415972222222223,0.2410138888888889,7.1468310705713245,2.688956081972174,19.32066147377009,7.666594415781533,14.7544471345736,5.681374483187975,6.430968518180373,2.474729239093988,7.23861373242018,2.784840365281963,40.15065653075328,36.0511402902557,44.67035245335176,39.30269523151348,43.50172771250864,38.89633724948169,35.17138908085695,45.84174153420871,43.92467173462336,23.03109882515549,70.63303386316517,48.4625,19.47986111111112,22.941666666666663,47.11817553559088,49.43123704215618,36.01036627505183,48.85694540428473,59.46629603891592,24.78714581893573,22.10711817553559,57.90601243953006,57.665514858327576,42.18106427090533,41.31237042156185,32.49067035245335,30.131997235659988,32.840359364201795,30.840359364201795,0.2849288926739246,0.1120442781502105,0.1717595981543646
connecticut,4.6,95.4,704.4,194.4,36.6,25.85,13730,3789,4.6,31.8,25.12,4094,1130,23.5,7061,7.85,2354,0.0,0.0,0.0,179.8,3.0,23.4,15.3,221.6,3605330.0,3503694.0,2515137.0,1397324.0,1527039.0,1940626.0,1264482.0,789397.0,117631.0,225021.0,182122.0,620179.0,3174775.634888798,648488.0,115.07215479177488,247.86838101677773,2894.3158545968404,4393.421322961981,273.1860474642982,17994.473417458703,7440.523091726572,12541690473.0,1816424193.0,13.0,414.0,1911.0,1939.0,7.286318300837573,69.74350785142857,0.1868921907981651,20.837155963302752,0.2397935779816513,9.197341576843382,3.7313906773010057,26.65582551479629,11.04623924041465,13.801450563585504,5.493828188710079,3.134939436899207,1.2466582446466592,5.712683729165345,2.200009810292185,39.57191392978483,38.90939977349943,46.599093997735,36.46772366930917,54.13250283125708,54.81993204983012,42.319365798414495,42.35220838052095,53.43488108720272,28.88114285714286,87.66057142857143,40.11697247706422,9.70183486238532,15.160550458715596,61.86296715741789,43.33748584371461,72.19818799547,58.86575654152446,48.65981735159817,33.57828571428571,31.718857142857143,64.19657142857143,69.06171428571429,41.64892412231031,41.15175537938845,28.65458663646659,27.006795016987542,30.178935447338617,28.725934314835783,0.2894793460138221,0.1214817380845561,0.4246702278068859
delaware,6.9,93.1,295.5,294.1,13.0,21.48,3888,3869,4.79,16.0,24.95,1463,1456,23.03,2160,8.63,638,0.0,0.0,0.0,0.0,0.0,1.4,2.2,3.7,981892.0,955602.0,690618.0,381097.0,445104.0,492450.0,384852.0,245682.0,27993.0,61788.0,54234.0,186375.0,1249417.8071352197,100173.0,88.01597146182795,82.39441576559246,350.8431814083127,557.5646372836102,28.21392400378805,4660.021069981881,1682.7974074700453,5046731559.0,1399179670.0,18.0,57.0,503.0,448.0,7.671391158830063,63.55357776061776,0.2190250812596899,25.07751937984496,0.2604651162790697,12.003670795378012,4.528945078089831,21.15372458437226,7.915613884990446,16.401271665480916,5.968885947446565,10.235228034709923,3.627218945251909,7.000940423694657,2.475031376389313,45.09160305343512,42.39312977099237,48.63358778625954,41.958015267175576,49.10687022900763,39.38167938931298,42.12595419847328,44.47709923664122,57.96183206106871,36.447876447876446,63.810810810810814,47.66279069767442,28.368217054263567,20.32558139534884,75.10687022900764,51.05343511450382,50.408396946564885,46.81153846153846,53.809338521400775,41.88803088803089,38.40926640926641,58.270270270270274,58.72586872586873,48.12213740458015,46.62977099236641,47.22900763358778,45.81679389312977,38.57251908396947,35.64885496183206,0.326293850241857,0.1259743118944534,0.2250552679823139
district of columbia,37.4,62.5,150.7,225.3,2.5,25.68,2086,3118,1.36,16.54,26.24,324,484,23.54,435,13.08,358,0.0,0.0,0.0,0.0,0.0,0.9,1.5,2.4,683154.0,651618.0,487726.0,310104.0,344306.0,402460.0,432758.0,170893.0,28493.0,37934.0,42958.0,83199.0,37287.413439627286,192228.0,51.560556854357806,33.57702341148597,3232.715313868697,2511.925229317644,11.250424417790846,2743.463115685041,816.6177220751354,158316124.0,18709762.0,1.0,77.0,1127.0,784.0,8.2600157148557,64.80355572815535,0.4776678617427184,35.77669902912621,0.4359223300970873,22.51187100168521,6.7232963869638604,32.1807525022037,9.595475061196902,38.54883755714563,11.527646414281554,31.00716318336893,9.35816049934466,33.216077999189324,9.943220098131068,60.90776699029127,43.18932038834952,70.54368932038835,40.90291262135922,54.53398058252427,45.237864077669904,36.99514563106796,51.62621359223301,32.62621359223301,51.16504854368932,73.4126213592233,88.69417475728156,75.68446601941747,77.2621359223301,81.57766990291262,39.470873786407765,94.00970873786407,82.96116504854369,45.99029126213592,63.567961165048544,51.83009708737864,74.30582524271844,65.63106796116504,78.20873786407768,72.02427184466019,82.83009708737865,77.04854368932038,81.04368932038835,75.26699029126213,0.4506368419870038,0.1334466371327329,0.5583056931915211
florida,6.6,93.4,4313.2,197.6,226.3,22.52,66763,3059,5.32,15.36,22.89,24663,1130,21.16,38753,5.69,8959,0.0,1.2,8.5,293.1,0.0,152.5,135.2,590.4,21339762.0,20928219.0,15349290.0,8157420.0,9764897.0,10377036.0,10122575.0,6753631.0,552125.0,1682505.0,1118794.0,4346965.0,10534893.066493172,1063776.0,642.278455077895,1574.4015677982272,2716.434645575925,34607.77177793399,1999.3695601683364,97797.23578848396,35557.827772193814,138961722096.0,45972570361.0,53.0,361.0,12260.0,11688.0,7.516173456349153,59.3588705314269,0.2907018842868354,24.645870119678243,0.3150088287227781,13.077798418532137,5.012816534529515,13.029995608500611,5.204199226281419,25.06232589319321,9.224438680187596,11.305039994312985,4.263301870249031,15.648542673590116,5.9097202207160855,54.58468992248062,52.4453488372093,54.542054263565895,52.62713178294574,46.59108527131783,55.65717054263566,49.14108527131783,41.80484496124031,58.69825581395349,32.948858090962325,35.696271715791525,59.24484991171277,27.34549735138317,37.75985874043555,51.05058139534884,44.21220930232558,35.29437984496124,61.47276986140933,44.36269549218032,44.97189146984189,41.23423775131759,43.318758539918015,40.820027327737655,59.68352713178295,59.732751937984496,50.9,49.65775193798449,56.41356589147287,55.675,0.3991997102682987,0.1499374446256816,0.1089387834812797
georgia,11.6,88.4,2833.5,262.7,124.1,19.77,38650,3583,5.59,14.62,22.06,12455,1155,21.18,20461,6.69,5137,0.0,0.0,0.0,354.7,1.9,235.1,79.4,671.1,10625615.0,10356895.0,7075856.0,3885371.0,4375039.0,5274596.0,5162942.0,3335402.0,290843.0,831989.0,643718.0,1479832.0,4253685.427179967,544678.0,177.89175547321753,1052.7575709987238,1247.6189112101672,6197.472236284986,405.80188253475,57794.75520184763,20444.24035995324,149486624386.0,4418360134.0,18.0,293.0,10015.0,9005.0,9.616621345312476,63.9584377911143,0.2788068661027299,35.395114942528735,0.4389727011494253,34.277363726575416,12.21650021676304,26.94700753672012,9.297723706304394,23.57321044564807,7.885509846702074,30.63972000405937,10.648847676998212,32.30414463164199,11.416738407619098,58.37625178826895,53.55722460658083,58.757510729613735,54.21173104434907,47.87160228898426,33.658440629470675,53.051859799713874,51.14878397711016,41.831545064377686,82.3919742027947,64.16768183446793,54.43067528735632,71.96623563218391,76.38936781609195,32.83369098712446,47.81151645207439,34.57689556509299,48.29738445001792,36.41487068965517,75.06485130777499,74.73916159082766,65.85811537083482,64.40451451092798,57.56545064377682,54.68347639484978,78.8422746781116,79.20565092989986,78.52467811158799,79.21638054363376,0.4056579251989212,0.1463558403856116,0.1244967187721067
hawaii,22.8,77.2,270.8,187.1,17.3,32.69,6347,4386,6.97,41.74,34.63,1707,1179,20.08,4398,40.23,103,0.0,0.0,0.0,0.0,0.7,4.6,26.1,31.4,1453498.0,1414718.0,1020422.0,478413.0,556937.0,717453.0,1143282.0,304961.0,37152.0,74468.0,87767.0,268789.0,221716.4335097056,83627.0,43.05716831455116,55.6927906249487,383.4994104024568,1501.038543280714,10674.71706810046,7263.808138921447,1634.0704586910813,16634147169.0,11777652105.0,3.0,22.0,991.0,290.0,,,0.114438389350348,13.529002320185617,0.1418329466357308,,,,,10.63514296813666,2.5533106397548804,1.348531714867679,0.303010196329718,1.156863495019523,0.2604166057982646,67.25162689804772,33.11930585683297,75.79609544468546,32.58785249457701,42.70498915401301,51.75488069414317,32.80260303687636,44.43600867678959,56.63774403470716,,,21.64501160092808,2.9095127610208817,2.4385150812064964,43.49240780911063,25.147505422993493,37.10412147505423,48.7025171624714,59.93622448979592,,,,,30.96963123644252,19.99566160520608,17.711496746203906,9.440347071583512,14.084598698481562,7.16702819956616,0.5016846884057843,0.1109975951689439,0.1501552240199517
idaho,73.8,26.1,573.0,300.9,20.5,19.29,7725,4057,8.02,11.78,27.75,2730,1434,25.63,5047,5.02,646,0.0,1.4,0.1,0.0,1.4,35.2,102.8,140.9,1811617.0,1780875.0,1185197.0,657101.0,742145.0,883059.0,351675.0,557572.0,35633.0,104683.0,114969.0,287098.0,122908.37635501217,134041.0,13.262808502828433,104.30500455890832,99.08688758916963,632.6683849702243,1697.976364864924,2043.06623967362,1034.1960066058116,214049931578.0,2391569647.0,9.0,30.0,106.0,301.0,6.6321328667988455,53.4616987006579,0.151093845366228,17.013157894736842,0.2366228070175438,6.509250256041195,3.409183612750052,1.654840188256163,0.8624563830799072,7.887865820302631,3.9254868535372807,1.4082897408815789,0.750914221260965,4.1569301239342105,2.196115224107456,36.69078947368421,45.66447368421053,30.041666666666668,52.24561403508772,37.2171052631579,33.14035087719298,42.10526315789474,53.2390350877193,49.96271929824562,27.88815789473684,6.682017543859649,30.75,6.302631578947368,18.157894736842103,16.278508771929825,37.125,23.48245614035088,38.69078947368421,47.424107142857146,24.61842105263158,27.48684210526316,8.423245614035087,8.078947368421053,29.105263157894736,32.00657894736842,19.07894736842105,20.265350877192983,28.72149122807017,31.06578947368421,0.2542818415176339,0.1295117853765001,0.1806129529943606
illinois,11.2,88.79999999999998,3723.6,293.5,184.2,18.38,45113,3556,4.77,15.13,23.99,11980,944,22.04,23622,8.3,8571,800.4,2.2,40.2,1013.2,215.1,17.0,186.4,2274.5,12821813.0,12529291.0,8764878.0,4930255.0,5412995.0,6686514.0,5100531.0,3367709.0,413041.0,885321.0,745681.0,2012735.0,19853251.297446635,2128687.0,304.7694846958365,2382.11074429995,5664.939803419995,29178.992592292016,119530.44810519244,88150.4368623284,33657.08880183654,143778561906.0,6216493488.0,48.0,657.0,11345.0,11612.0,9.465114627601292,63.69404702267852,0.3704984801347452,23.674033149171272,0.294536525475752,28.91695459881028,11.313836717979267,23.87875451559218,9.185330272873893,25.955924629251147,9.744213332449313,9.294883128416538,3.4411429705384378,13.26419679548729,4.863082768236447,47.8989280245023,48.27901990811639,49.8572741194487,46.85267993874426,54.84042879019909,45.396324655436445,46.97886676875957,51.73139356814701,48.33721286370597,79.52865461231995,64.91939932577382,66.62062615101289,22.35788827501535,31.75936157151627,46.64563552833078,66.23920367534457,56.23399693721287,69.34600061293288,75.1018092609629,66.76218204106651,70.06619675145572,60.44100520992952,62.62611094085198,59.71546707503828,61.81531393568147,44.04441041347626,43.61990811638591,47.42664624808576,46.64716692189893,0.3345199812127128,0.1344764851031353,0.3932549355763303
indiana,12.7,87.30000000000001,2726.8,400.2,166.4,17.11,31140,4570,7.54,14.67,23.18,8487,1246,22.61,15610,6.48,5466,440.1,4.3,8.7,0.0,167.8,36.6,84.7,742.1,6751340.0,6550921.0,4501214.0,2622601.0,2911562.0,3411413.0,1495739.0,1953576.0,160490.0,460480.0,415542.0,1057547.0,27936631.282807592,957045.0,292.36275129934944,871.7712961244933,1778.3524194166478,5539.040690846882,360068.57320932235,34824.556021872915,17249.257164254297,92789363558.0,1541248299.0,39.0,443.0,3170.0,4697.0,8.995803356366666,61.5174563792085,0.2639065936637116,21.29432624113475,0.2544917257683215,20.26672813096227,10.00075903623459,15.111229227006628,7.351236938336311,17.848565280366156,8.438953503830188,3.939374569733491,1.899573440416864,6.184516680126179,2.922964825278892,38.44870283018868,50.55719339622642,31.91391509433962,52.75943396226416,44.47818396226416,28.45106132075472,50.989386792452834,53.72877358490566,48.97287735849056,69.54164205552274,51.07265209686946,56.35579196217494,11.945035460992909,19.13888888888889,58.09846698113208,58.715801886792455,46.974646226415096,52.75428233904312,53.717584369449376,56.531600708800944,66.98700531600709,47.44240992321323,55.56645008860012,49.83490566037736,58.15389150943396,31.066627358490567,35.604363207547166,33.564268867924525,36.95341981132076,0.2615670448503011,0.1347129991222558,0.3287050043928307
iowa,57.29999999999999,42.6,1567.3,490.1,73.1,16.41,16773,5245,7.73,15.0,23.58,4333,1355,21.25,9190,6.96,2853,0.0,0.0,0.0,0.0,597.2,19.4,342.3,958.8,3179090.0,3084598.0,2119884.0,1275893.0,1407100.0,1686696.0,497297.0,843424.0,65900.0,152380.0,194570.0,540542.0,2572829.388654842,561213.0,83.60374583238158,637.0240161815036,384.5665148514912,1625.122993727178,212.6213157659816,11132.421420063189,5910.037175450126,144659721012.0,1085964740.0,13.0,139.0,470.0,998.0,7.626918044000734,58.74630170758928,0.1568814675425056,19.67561521252797,0.2083892617449664,8.223331474664212,4.45236327408693,6.826235172476579,3.715098824282831,8.086504369392857,4.166475201382812,2.0978102253214286,1.078296350375,1.766916452636161,0.9134765823861608,29.7578125,41.40513392857143,23.449776785714285,47.84151785714285,37.010044642857146,31.527901785714285,38.20200892857143,55.25111607142857,56.78236607142857,36.47767857142857,30.3828125,32.041387024608504,8.463087248322148,6.855704697986577,35.997767857142854,70.23772321428571,32.9140625,42.28683035714285,40.690744920993225,31.8828125,37.28459821428572,28.405133928571427,31.956473214285715,30.425223214285715,34.263392857142854,22.350446428571427,25.685267857142858,17.934151785714285,19.700892857142858,0.2162820706753114,0.1184694824863504,0.3988437211285618
kansas,45.50000000000001,54.6,1073.7,365.5,59.8,19.05,12668,4312,6.62,13.54,23.42,3555,1210,22.37,6906,7.6,1845,0.0,178.2,158.8,89.6,80.3,6.4,229.6,742.8,2932099.0,2850702.0,1921951.0,1139738.0,1272290.0,1512063.0,739602.0,811410.0,61847.0,161293.0,185276.0,464028.0,12728285.543230277,426581.0,67.44442535123498,512.6846135457147,1061.687981040935,2776.133703813199,862.7191147228023,14109.367825004652,6308.038923508385,211753717642.0,1345767737.0,15.0,213.0,1092.0,1488.0,7.5056669958193565,58.947312457780455,0.1951034387866666,21.57575757575757,0.2824242424242424,9.746112745062543,4.505045506308813,9.110476124558613,4.256783264931148,12.615416389774428,5.536803263841978,5.126522769636912,2.1782465783462004,8.374436705229192,3.7567436876887816,39.5006031363088,45.27744270205066,36.45476477683957,49.41375150784077,38.44028950542823,36.291917973462006,41.71411338962606,55.47768395657418,49.82026537997587,34.0108564535585,31.80337756332932,41.15636363636364,14.62181818181818,27.75878787878788,42.76236429433052,64.41254523522316,47.42098914354644,52.59107358262968,49.34260429835651,35.87696019300362,37.47044632086852,34.86127864897467,35.77442702050664,39.32207478890229,41.23763570566948,33.12665862484921,34.540410132689985,41.145958986731,43.16767189384801,0.2698650357843898,0.1263877922968748,0.3352859803975505
kentucky,8.2,91.8,1688.5,374.7,111.3,19.24,20478,4544,8.63,12.49,23.97,6173,1370,21.14,12133,6.13,1945,623.4,86.4,14.0,0.0,11.6,32.0,46.9,814.4,4494141.0,4359181.0,3053564.0,1748475.0,1988420.0,2121880.0,735062.0,1531795.0,112695.0,376963.0,270859.0,734851.0,10231904.817414315,453039.0,50.402772234257455,431.6020085400582,1029.69130105702,1422.948729072406,611.3887974886464,20177.84107642783,11099.075271490688,102283004821.0,2367816964.0,11.0,248.0,1234.0,2460.0,8.519768889949443,59.27974804938744,0.2017785597140661,25.511145272867022,0.316141429669485,15.588779370764671,8.74460363757708,9.250096555384324,5.13897943464434,11.815665707232773,6.286506752352986,9.07362455107657,4.892060938450229,10.617779962422665,6.044335752570444,38.84073506891271,58.74425727411945,23.42343032159265,60.71133231240429,49.28407350689127,22.366003062787136,58.29632465543645,51.67457886676876,51.95022970903522,57.424196018376726,34.33001531393568,41.31283627978478,31.07686395080707,37.23059185242121,26.88055130168453,43.86830015313936,36.59571209800919,36.24961715160797,46.2707055214724,49.487748851454825,62.51607963246554,33.89050535987749,41.1531393568147,38.823889739663095,47.21439509954058,47.18759571209801,56.424196018376726,49.51531393568147,60.03215926493109,0.2586953006893799,0.1524349232828198,0.2278386859918927
louisiana,5.6,94.4,4282.1,925.4,188.6,12.46,36273,7839,14.03,11.23,22.4,5880,1271,15.59,24088,4.65,6334,4.2,3539.6,197.6,180.2,51.4,117.0,15.3,4105.3,4657305.0,4531545.0,3133855.0,1748688.0,2066323.0,2160206.0,1963473.0,1732660.0,146299.0,431595.0,297359.0,722446.0,22639331.3184884,404492.0,117.78149912999136,855.5557453346374,1704.640691731232,3036.9070155614795,61504.79832557779,39057.092980835805,15286.994056701136,111915258185.0,23736382213.0,15.0,394.0,4767.0,5156.0,8.633713196684534,59.86421097504025,0.2653759545003652,33.089846603360115,0.385390796201607,25.940955943740583,10.383525148804104,15.95518661405359,6.472019030976612,22.980942291473344,8.689490329883286,25.278811126538184,10.015291532680836,25.0015633400634,9.894268030179395,58.62680115273776,62.46181556195965,53.92939481268012,63.90778097982709,55.49135446685879,29.36023054755044,60.47982708933718,52.82636887608069,48.49351585014409,60.89347826086957,38.50869565217391,50.964937910883854,59.45872899926954,58.320672023374726,43.10446685878963,57.05259365994236,49.10590778097983,46.84604212055192,52.86131386861314,66.20434782608696,69.22536231884058,52.24057971014493,52.39855072463768,55.360951008645536,56.62968299711815,73.69740634005764,76.95172910662824,70.11311239193084,73.63328530259366,0.4028809788569179,0.1653342887516575,0.1957544875607537
maine,74.3,25.7,372.0,270.1,14.4,21.03,6032,4380,7.74,27.63,24.97,1965,1427,22.84,3895,8.18,453,0.0,0.0,0.0,0.0,0.1,79.1,47.8,126.9,1357046.0,1321489.0,994900.0,571064.0,737782.0,711350.0,108465.0,361028.0,30163.0,62607.0,63932.0,280821.0,115913.70510027545,261465.0,28.19715230873288,83.53554708521752,452.67904945160507,262.0008033558391,0.703975659613181,1652.3213013430848,1041.7360934399633,79888263364.0,11745102727.0,11.0,112.0,30.0,163.0,5.572578751438356,52.7452352,0.07423659916,16.875,0.1815,1.48095854008408,0.8989171505642928,0.926836040112858,0.5989576972563257,2.197406951574939,1.2640969492997542,0.7865132014176904,0.4961843280835381,0.8844935431326781,0.5155143336977887,23.73955773955774,40.05159705159705,12.582309582309582,47.93120393120393,40.5945945945946,21.987714987714988,35.43980343980344,38.12530712530712,67.6928746928747,8.555,5.72,10.7925,4.4375,4.5,42.385749385749385,30.18918918918919,37.85012285012285,27.795,26.541772151898734,7.4975,8.8475,4.9625,5.89,9.582309582309582,11.415233415233416,13.152334152334152,17.196560196560196,11.194103194103194,13.535626535626536,0.1770148548662635,0.1138859215854907,0.3543933031708549
maryland,10.2,89.70000000000002,1269.2,205.6,52.6,23.58,19827,3211,4.47,16.99,25.07,7360,1192,23.81,10864,9.4,2574,30.1,,0.0,156.6,0.0,12.9,38.6,238.2,6148545.0,6006777.0,4240795.0,2294270.0,2516341.0,3296484.0,3112738.0,1254730.0,175507.0,391353.0,363466.0,949890.0,633435.9099637327,696098.0,197.55317367513496,609.0959853543395,3187.797251497131,2783.615248726164,2216.123087701523,19870.304533264607,6705.103188882121,25151992308.0,6979074857.0,22.0,326.0,4313.0,2890.0,7.837788326426278,65.98067774891774,0.2890238818032899,28.437285812200138,0.3453735435229609,15.363598829018748,4.915673367907896,27.834146237937446,8.970526689041662,24.32463368091322,7.663979176839322,17.236621519471186,5.336815164962712,19.48602205234034,6.031925112922035,50.539661016949154,38.39728813559322,58.624406779661015,35.01152542372881,48.79864406779661,43.64813559322034,44.51728813559322,50.78033898305085,46.5735593220339,40.60970608339029,74.66233766233766,62.03289924605895,44.72858122001371,48.84715558601782,61.33898305084746,44.734915254237286,58.43728813559322,46.22351332877648,34.66346812885538,49.42993848257006,40.74025974025974,65.98906356801093,61.50102529049897,59.54915254237288,54.53491525423729,63.42169491525424,59.03457627118644,61.389830508474574,56.833220338983054,0.3586596505787535,0.1152334191942921,0.2766310289424204
massachusetts,22.6,77.30000000000001,1343.7,192.2,56.1,25.72,25412,3636,3.96,27.12,24.63,7259,1039,22.83,12005,10.58,4197,0.0,0.0,0.0,0.0,0.1,30.8,49.3,80.2,6991852.0,6756217.0,4902868.0,2714448.0,2979634.0,3876978.0,2120178.0,1449494.0,209959.0,433215.0,357943.0,1156031.0,4394158.967058136,1432430.0,286.049202693697,594.1507629270922,11828.411437460358,5446.648847710974,318.3420896662118,28448.6012363159,12641.26681996969,20204390225.0,7130660432.0,33.0,732.0,2740.0,3286.0,6.617915620003055,58.331218852230485,0.2564277461317588,21.311373523927905,0.2579241765071473,4.521441840315277,1.9582579752592133,7.633420419114352,3.590719020464732,15.65100471905926,6.732578810105555,4.520044081541358,1.8764203214950617,6.6178396807697535,2.789771018305556,35.85,38.28703703703704,41.57283950617284,35.214814814814815,49.13395061728395,56.52716049382716,40.855555555555554,42.9820987654321,49.49814814814815,15.936183395291202,27.89900867410161,51.1988812927284,13.1727781230578,20.82784338098197,65.55123456790123,49.16481481481482,74.91728395061729,56.36926889714994,45.49357326478149,19.88909541511772,18.34944237918216,29.167905824039654,29.454151177199503,44.43827160493827,46.86975308641976,30.18148148148148,30.23148148148148,33.22283950617284,33.41543209876543,0.2598387101031997,0.118859363499063,0.4807402519906802
minnesota,29.1,70.9,1820.6,318.8,83.2,18.75,22680,3971,5.5,15.54,23.77,6824,1195,22.58,12508,6.57,3221,0.0,0.0,0.0,147.5,182.8,55.7,134.2,520.2,5670472.0,5550433.0,3847501.0,2229100.0,2470483.0,3105784.0,1228537.0,1257815.0,125307.0,247610.0,348468.0,901517.0,2216043.566351349,739983.0,289.9472058880666,710.8717966439892,1917.1576801369804,2664.328381603187,282.77634679688214,17442.422732254687,7870.759338716,206232627084.0,18949394733.0,25.0,250.0,1289.0,1525.0,6.717352262098024,58.17885635818909,0.2057764927961359,21.938707528314456,0.2603597601598934,5.398726462724399,2.359937978414508,5.911226961960557,2.833798421614244,11.042969155308306,4.732473013296345,5.77922404577608,2.366595354174751,6.693063973220598,2.791460103437874,29.659800664451826,33.70764119601329,30.653820598006643,38.23720930232558,38.95681063122924,35.6843853820598,34.04385382059801,53.46511627906977,51.415946843853824,21.38548601864181,26.503328894806923,41.50299800133244,19.597601598934045,23.533644237175217,52.22990033222592,55.20863787375415,43.89568106312292,41.2103861517976,34.6815955213436,21.74034620505992,21.033954727030626,25.41411451398136,24.881491344873503,34.119601328903656,35.41860465116279,31.229235880398672,32.201993355481726,31.53421926910299,32.25714285714286,0.2227160719172981,0.1058137792255016,0.2995296871097672
mississippi,2.7,97.2,1085.0,367.8,63.1,18.94,13633,4622,10.71,13.46,22.36,4589,1556,21.89,7935,4.82,2475,33.3,28.4,76.4,123.0,2.3,56.5,4.9,324.8,2967023.0,2874132.0,1974105.0,1108670.0,1317375.0,1331967.0,1305149.0,1174672.0,91177.0,283522.0,182146.0,472931.0,1683676.368018057,194955.0,60.55591178744106,286.5803327222018,278.82940854457763,2487.069511795208,18.686718378843533,14613.20371564632,5861.629805943328,121533935354.0,3914344129.0,9.0,130.0,2283.0,2516.0,9.011325062043053,57.99821897142857,0.1382279048128588,30.252583237657863,0.3809414466130884,31.238624033029566,12.401653468873734,10.525138911138653,4.213651927631672,12.76994994056492,4.79384022752278,23.32576674312984,9.278473849481776,25.83807776559567,10.330476726808657,61.48291571753986,65.47835990888383,55.54555808656036,67.48519362186788,55.99430523917995,17.14236902050114,63.33485193621868,52.54328018223234,50.46013667425968,71.184,24.59314285714286,26.79334098737084,52.56371986222732,59.06773823191734,35.71526195899772,42.10933940774488,29.255125284738043,47.90285714285714,32.744851258581235,73.33714285714285,77.50285714285714,40.10285714285714,36.289142857142856,40.249430523918,37.76537585421412,73.85649202733485,76.99430523917995,72.9749430523918,76.39749430523918,0.4256412961709797,0.1713489793431404,0.1479874750925132
missouri,11.3,88.80000000000001,1760.0,285.3,117.0,20.46,23826,3862,6.64,14.28,22.88,8601,1394,22.04,14112,8.8,2546,0.9,0.0,0.3,44.8,64.3,22.2,78.0,210.6,6141534.0,5967909.0,4187819.0,2433819.0,2782081.0,3084786.0,1340771.0,1817436.0,138820.0,377539.0,367132.0,1033836.0,7720286.98734809,782061.0,158.51904307485978,731.4496108203806,2095.446805923428,3230.3403488616823,1207.0903621967675,25845.9394301359,11307.993028159195,178052333716.0,2487445715.0,33.0,369.0,2681.0,3270.0,8.038473714382732,59.88779851874244,0.2673666358728813,25.230024213075065,0.312953995157385,14.007562433444592,6.30080100070625,11.285638147606637,4.908179306240512,16.503195914608224,7.120987766504232,9.31694280550665,4.06264273014208,11.403080351874848,5.069084642866989,38.98367593712213,49.18016928657799,31.685006045949216,53.37908101571947,42.33736396614268,23.48246674727932,46.82829504232164,52.33736396614268,53.4987908101572,46.00604594921403,38.03022974607013,52.318401937046005,29.52360774818402,36.87590799031477,48.94619105199517,50.52055622732769,47.1136638452237,42.99697702539299,57.04854368932039,43.194074969770256,48.26178960096736,35.157799274486095,37.85973397823458,45.38270858524788,50.67714631197098,46.26602176541717,50.87605804111246,48.03869407496977,53.212817412333735,0.2625485236655114,0.1312057950848338,0.2811064810837639
montana,52.9,47.0,433.5,391.9,28.5,20.51,5626,5086,9.58,13.19,27.63,1832,1656,23.46,3698,7.51,534,511.8,42.8,108.1,0.0,0.0,16.5,113.6,792.8,1077978.0,1053304.0,746462.0,436481.0,512553.0,548944.0,160987.0,327785.0,22303.0,42160.0,60366.0,202454.0,161963.55848826622,137704.0,41.67953296162008,63.82510383330797,188.675285974504,1399.1112389682526,391.9770089751419,1766.6919370930095,934.6281412514728,376973729130.0,3866634365.0,19.0,57.0,79.0,212.0,5.203697750332803,54.51075520376176,0.0814448781034482,14.379310344827584,0.1767084639498432,2.033871273087801,1.0989659582211428,1.8965906878310508,0.996980554271661,3.476471797855799,1.816581438272728,0.7961891036175549,0.4198234689968652,1.6669129457304075,0.9200156723730408,33.30407523510972,43.18808777429467,23.128526645768027,54.489028213166144,37.14420062695925,13.12539184952978,32.5705329153605,47.66771159874608,62.81191222570533,8.689655172413794,8.363636363636363,14.244514106583072,3.313479623824452,7.58307210031348,44.523510971786834,27.91849529780564,31.31974921630094,47.05329153605015,43.19063545150502,9.15987460815047,9.987460815047022,9.617554858934168,9.20689655172414,14.633228840125392,16.344827586206897,12.62382445141066,13.689655172413794,15.366771159874608,16.19435736677116,0.2311963609053776,0.1207156902633456,0.2686629480268379
nebraska,28.8,71.2,898.0,457.3,47.2,17.53,9666,4923,6.61,12.06,24.22,2605,1327,23.03,5704,6.42,1203,0.0,0.3,9.7,71.9,274.0,4.8,96.8,457.5,1951480.0,1899516.0,1275315.0,766887.0,840802.0,1046463.0,435835.0,510749.0,34474.0,105606.0,130400.0,305771.0,1525048.2457119448,281897.0,76.1396723444727,447.1427574371015,512.4714854748996,2760.21894640324,312.0674554707146,7208.662337054694,3358.3533968364964,198957385713.0,1371105730.0,18.0,89.0,493.0,706.0,6.701991673165052,55.72398688517179,0.1594779516672694,18.66184448462929,0.2276672694394213,5.435383654217992,2.515790572990675,3.161059323185353,1.519648673612968,9.545110596631105,4.381347367768535,1.678681259947559,0.7972636127414106,4.438666770126582,1.9904777752188068,34.265822784810126,40.499095840868,31.79385171790235,46.1374321880651,30.38698010849909,40.285714285714285,40.53526220614828,60.386980108499095,50.90596745027125,20.65641952983725,12.207956600361664,33.381555153707055,6.296564195298372,14.30741410488246,42.87703435804702,67.07956600361663,43.14647377938517,53.69439421338156,44.577358490566034,22.580470162748643,22.714285714285715,14.636528028933093,13.707052441229656,33.495479204339965,35.34538878842676,21.77757685352622,22.39602169981917,26.918625678119348,27.763110307414102,0.2477738814742806,0.1200657057194264,0.3352715621513741
nevada,31.0,69.1,761.3,242.0,39.4,21.11,11276,3584,5.8,17.39,29.0,4126,1311,24.11,7155,5.5,1658,0.0,,1.2,0.0,0.0,3.2,125.2,129.7,3059238.0,3018139.0,2116718.0,1141952.0,1269846.0,1538959.0,1616355.0,942152.0,109512.0,274760.0,181429.0,482407.0,981397.8632209091,62308.0,10.346560390776553,218.02383797162256,1310.738694056304,2311.8305362004626,5374.170396313511,9937.415456037868,3844.6462259373175,284537290201.0,1839636284.0,2.0,142.0,2372.0,2270.0,5.621883610213304,64.15437143774069,0.4309419129715026,23.71632124352332,0.3303756476683938,3.5986319446891426,1.3350429510263222,29.20496129924493,10.726839873067677,31.255944943617457,11.397172070043643,13.7918397000629,5.254076760293967,21.0856176388742,7.898819817549422,59.86777920410783,53.639281129653405,62.45314505776637,51.374839537869065,60.29268292682927,57.071887034659824,54.21822849807445,48.37098844672657,46.08729139922978,7.313222079589217,67.59691912708601,68.63082901554404,27.848445595854923,45.12176165803109,8.284980744544287,40.2836970474968,60.435173299101415,50.78690629011553,53.16575342465753,16.313222079589217,12.668806161745827,69.45442875481386,67.51476251604622,64.45956354300385,62.71245186136072,51.44415917843389,47.70860077021823,58.942233632862646,56.37740693196405,0.4207557389821329,0.1537349106569627,0.049067367224057
new hampshire,15.8,84.1,301.6,217.3,13.3,25.65,5660,4080,5.68,29.78,24.24,1957,1410,22.98,3402,7.87,471,0.0,0.0,0.0,103.0,0.6,28.8,15.4,147.7,1372175.0,1330682.0,986106.0,540498.0,636480.0,767453.0,151670.0,250347.0,28947.0,62809.0,63509.0,250136.0,91064.42748519011,191011.0,59.88205824336354,48.71850944658765,327.90509246315764,1242.0403241583635,89.48263610849325,1496.401874908513,914.6322730425572,23190115212.0,1025971768.0,21.0,108.0,49.0,133.0,5.183857572759296,52.87858845714285,0.0973517512305475,19.394812680115272,0.2115273775216138,0.6230229438799987,0.3907944711290727,0.6998140477813923,0.4448966579836317,3.015664341334286,1.7430669379714288,0.8556750612742857,0.54419203638,1.6017833511942856,0.9013156804771428,17.06,28.14,16.98,31.254285714285714,35.145714285714284,22.408571428571427,33.57142857142857,37.37428571428571,60.191428571428574,4.171428571428572,4.825714285714286,16.685878962536023,5.697406340057637,8.288184438040346,61.05428571428571,26.645714285714284,45.21142857142857,48.16332378223496,38.97935103244838,3.617142857142857,4.168571428571428,3.88,4.56,13.365714285714288,15.571428571428571,14.202857142857145,17.997142857142858,14.362857142857145,16.845714285714287,0.1507475947282931,0.0956885884533127,0.3001052664655601
new jersey,4.8,95.4,1999.8,215.8,89.1,21.8,30994,3344,4.54,18.24,24.16,10006,1080,22.51,16603,7.63,5052,0.0,0.0,0.0,294.0,0.0,15.5,38.4,347.9,9234024.0,9058493.0,6411606.0,3397156.0,3738342.0,4893875.0,4267182.0,2002766.0,304973.0,608877.0,530376.0,1494516.0,2431911.064300888,1474804.0,986.676662720503,664.9494265726138,6220.91911199556,33797.717575077826,88.34622469242672,41103.26005931731,14859.454419742884,19048916230.0,3533083369.0,116.0,482.0,7723.0,6455.0,8.02118017572036,63.92877925747126,0.4105089152402209,26.94891854578923,0.3291762540266912,17.52513413226335,6.236609195018051,23.53970001155274,8.698609441360704,27.15986694794544,9.674199246809264,14.660481528958275,5.040716698730857,17.39402874416919,6.106144032911508,47.68821641448877,41.24300779458964,56.20128381476387,35.55112333791838,56.07565337001376,59.85648784961027,44.12425492893168,48.34387895460798,47.79596515359927,45.98390804597701,67.53103448275863,71.65899677864704,36.781408191440406,42.93327197422918,82.72077028885832,46.241632278771206,62.99724896836314,76.1167816091954,50.13944782405241,50.16873563218391,45.948965517241376,62.3783908045977,61.32873563218391,61.97524071526823,61.215497478221,55.65107748739111,53.30215497478221,56.11462631820266,53.83814763869785,0.3418397415992291,0.1260177740646167,0.3945075116187868
new mexico,35.900000000000006,64.0,739.0,349.1,45.9,21.38,9172,4333,8.37,13.89,23.26,2842,1343,23.0,6039,6.71,1067,172.7,2603.0,2601.5,0.0,0.0,12.5,115.3,5504.9,2109366.0,2067620.0,1426639.0,797596.0,937397.0,952564.0,1349449.0,807858.0,63136.0,188715.0,120716.0,369541.0,18288.46951222273,166714.0,79.28183734986997,90.82069990107082,430.76693836218266,1769.764126369785,212.72723532529665,2901.231607664922,957.2333699850992,314198560947.0,726482113.0,15.0,64.0,1593.0,1245.0,5.090227504073775,64.5360347263072,0.1887818710883796,18.096563011456627,0.2096235679214403,2.552615828100092,0.8622873858612528,34.96023530518542,11.658582199064153,17.4748663970866,5.63346068017647,5.480768181055556,1.8062882647238565,7.85059841575817,2.598762764700981,71.47549019607843,60.709150326797385,71.91666666666667,63.01633986928105,55.44117647058823,57.0686274509804,56.18954248366013,45.459150326797385,54.6781045751634,4.895424836601308,69.15359477124183,33.761047463175125,10.409165302782323,14.960720130932897,44.79575163398693,29.54084967320261,35.669934640522875,43.87581699346405,56.65625,11.92156862745098,8.423202614379084,78.02941176470588,73.81372549019608,42.99673202614379,37.78431372549019,34.549019607843135,29.184640522875817,34.07516339869281,29.21895424836601,0.5152974118993076,0.1688219391489611,0.1778478062123089
north carolina,15.6,84.3,2627.6,248.7,115.6,20.98,36320,3437,5.49,12.9,23.77,13550,1282,22.76,21117,6.38,4046,0.0,0.0,0.0,450.4,0.2,125.0,150.8,726.4,10367022.0,10092759.0,7084876.0,4034684.0,4673933.0,5119397.0,3933101.0,3258214.0,273629.0,776686.0,594004.0,1686235.0,9593367.830906268,708351.0,218.2471378340045,713.8566131293342,1425.020432455157,10305.217162040226,714.1365387055299,50653.06548346207,20147.92290432733,125933327733.0,13456093195.0,38.0,370.0,4873.0,5007.0,7.840842235157242,61.91772373199299,0.1721712570848736,27.593360995850624,0.3457185967559411,15.665402631892404,6.152218091506428,18.39661026979873,7.294928071271898,13.473861286461824,5.094086207676646,14.79891044206437,5.785922720718937,17.441305181618638,6.800772418485029,50.77919161676647,51.883233532934135,48.42440119760479,54.50561377245509,47.895583832335326,35.77170658682635,51.46968562874252,47.70583832335329,51.29303892215569,43.97594889139421,51.76024051108606,35.84383251603169,40.75895888344021,47.88419464353074,42.00112275449102,41.622754491017965,35.217065868263475,53.22781954887218,39.60378787878788,48.29312288613304,46.97745208568208,54.809845922585495,55.1010898158587,42.596556886227546,40.69199101796407,59.95733532934132,61.12949101796407,60.21407185628743,61.48914670658683,0.3523438328657156,0.1417078565152364,0.1515535203435733
north dakota,39.50000000000001,60.6,703.9,904.9,56.5,15.68,6175,7938,9.72,12.3,25.03,1237,1591,22.43,3730,5.3,432,362.3,1386.9,2305.2,0.0,102.8,1.8,150.7,4309.7,773344.0,749693.0,503897.0,316542.0,370111.0,416764.0,130388.0,190040.0,13152.0,33831.0,53417.0,118198.0,90311.77501984422,91604.0,1.116919003538866,145.61023378829407,73.601248203801,392.2381527795466,1715.0463441041045,1083.022716254282,565.8524768789151,178694310772.0,4414779956.0,0.0,27.0,55.0,113.0,5.364206767844268,57.2410600877193,0.1448226018333333,15.789473684210526,0.1548245614035087,1.2652091271070496,0.6439735109483609,4.281250813751832,2.2166447101188376,6.456185989232456,3.199698561864035,1.4338758628728068,0.6261008309122807,1.3044172135745613,0.6300599049649123,28.61403508771929,37.31578947368421,24.95614035087719,44.21491228070175,28.587719298245613,28.12280701754386,38.60526315789474,61.175438596491226,52.28947368421053,5.692982456140351,20.36403508771929,27.05701754385965,5.131578947368421,5.171052631578948,1.3859649122807018,66.81140350877193,25.71491228070176,38.43421052631579,59.92746113989637,6.614035087719298,6.5,19.31578947368421,19.67105263157895,22.662280701754387,25.21052631578948,14.912280701754383,15.267543859649123,11.289473684210526,11.228070175438596,0.2127547887211322,0.1089386989870105,0.2475041271402359
ohio,4.0,96.0,3542.0,301.1,194.0,18.49,44522,3784,5.88,16.42,24.12,13624,1158,23.02,23273,6.62,7938,68.0,2508.7,106.3,182.6,87.3,48.9,40.1,3042.0,11769923.0,11451346.0,8077453.0,4754161.0,5232733.0,5970869.0,2617097.0,3421371.0,314406.0,715751.0,689126.0,2004802.0,32018083.984227784,2050627.0,287.0639369939941,1558.158681521449,4126.163454082514,9040.711477223002,1364.6806325500347,73773.33028672094,34815.96865050653,105823653399.0,10274702852.0,41.0,632.0,6432.0,8539.0,9.204353259424847,61.54641101535596,0.2655722941006647,21.95631528964862,0.255650522317189,22.328202180023244,10.632208052672777,15.499627189157092,7.192992520008367,18.45476171250916,8.40573792874716,4.739351704856061,2.2478234861770834,6.818561247500948,3.032659561991477,39.32544191919192,49.47537878787879,33.52493686868687,52.42203282828283,48.79135101010101,27.08775252525253,45.97885101010101,50.92992424242424,53.44760101010101,74.70936116382036,50.274193548387096,56.63912630579297,14.917062361506806,19.435897435897434,43.16950757575758,56.16666666666666,49.999368686868685,52.511701454775455,57.23464217859405,59.00600885515497,68.90196078431373,46.31657179000633,52.597722960151806,50.27146464646464,57.72159090909091,33.73106060606061,37.59943181818182,34.719381313131315,37.43560606060606,0.2623256365968051,0.1329750050352152,0.3918845085350232
oklahoma,45.2,54.8,1651.7,413.8,87.8,17.51,17859,4475,8.29,12.63,22.93,5218,1307,21.79,10551,9.15,5214,3020.5,814.0,0.0,4.4,34.6,313.4,4186.9,3948136.0,3837807.0,2607741.0,1503868.0,1741721.0,1881598.0,1414756.0,1369172.0,94856.0,293373.0,252929.0,615832.0,5015264.170251338,390265.0,56.075068305375375,464.8538750258995,552.5291665189822,1932.2061044774448,74.0576364398321,18195.678067701447,7605.864454745311,177664154114.0,3373725677.0,9.0,134.0,2033.0,2647.0,9.029249021860968,62.315501228215766,0.1651259613045643,25.286307053941908,0.2986721991701244,26.076696349015883,10.95226136121864,20.77550828866103,8.767528508057707,13.351474637961823,5.496256810185892,11.841054450429043,4.84022191566556,11.921694048160996,5.008019324313693,54.83153526970954,56.86390041493776,50.888796680497926,60.43070539419087,47.93112033195021,35.243983402489626,53.27717842323651,57.29045643153527,48.65311203319502,70.98589211618257,57.18008298755187,34.19004149377594,30.27966804979253,31.628215767634856,28.4954356846473,51.90539419087137,31.45311203319502,42.481327800829874,38.89833333333333,68.48879668049793,70.94107883817428,61.98755186721991,64.39585062240664,42.82406639004149,41.85560165975104,54.01078838174274,54.9103734439834,53.13360995850623,53.9551867219917,0.3585582764582817,0.1517609759213932,0.2240686080032333
oregon,66.6,33.3,1047.8,246.2,38.5,21.4,15234,3579,5.6,13.08,29.74,5344,1256,26.36,9075,5.54,1647,0.0,0.2,0.0,0.0,5.1,75.6,347.4,428.3,4207177.0,4128333.0,2971396.0,1658091.0,1798864.0,2146693.0,1090897.0,1183371.0,120586.0,252602.0,223615.0,743125.0,1381962.3257432864,430798.0,79.02150903751242,429.7746346070957,1458.10853454959,3549.602194017243,27.09524096591399,12892.088217531458,5876.139769298838,248628414476.0,6170965739.0,15.0,195.0,974.0,1611.0,8.078666801128932,52.68620546733669,0.3279539629294354,28.014112903225808,0.3819556451612903,13.689072756914266,6.220388022546507,1.5711110539311322,0.7427779242506661,15.894154019428573,7.035049161630369,11.852797093548451,5.239202367348652,16.067900446184815,7.257284152354646,40.06793206793207,44.93906093906094,37.65634365634366,48.353646353646354,51.27372627372628,37.61538461538461,41.532467532467535,43.71728271728272,55.57642357642358,50.07939698492462,5.767839195979899,56.60786290322581,43.05241935483871,58.85786290322581,42.87912087912088,47.87712287712288,47.35464535464536,52.49094567404426,34.13561076604555,46.08040201005025,48.10251256281407,7.927638190954774,7.014070351758794,46.24175824175824,49.55944055944056,51.45454545454545,54.485514485514486,57.7982017982018,61.997002997002994,0.2739058562767336,0.1281721032721623,0.2394833628334323
pennsylvania,3.8,96.3,3633.6,279.2,213.5,19.49,46423,3568,5.5,18.38,25.62,13889,1067,24.04,25226,5.98,9071,1070.7,8057.5,35.6,792.9,21.4,103.8,69.0,10150.9,12970650.0,12568252.0,9111497.0,5147783.0,5728788.0,6662890.0,3236347.0,3405923.0,367296.0,787376.0,700792.0,2361790.0,14276853.254029632,2651654.0,611.4813976238066,1564.8248208702184,4864.149106610966,12149.90958347282,9036.415800849143,60215.8355343528,28832.49358226169,115881784866.0,3397909903.0,91.0,693.0,6431.0,7721.0,8.67612642555222,61.631951763425256,0.2326859571719022,26.497963932518907,0.2785922047702152,16.592417719678448,7.895835413453581,14.736559372252383,6.578100744829031,15.09003394175856,6.693197995188915,10.51659339015148,4.600637341440801,8.121745571608242,3.515285097035404,35.0780615206036,43.90220545560069,32.79599535693558,45.4335461404527,49.74811375507835,34.57457922228671,42.59082994776553,45.62855484619849,58.01654091700522,61.7866473149492,50.61567489114659,50.24665503199535,34.92961023851076,26.13496218731821,61.10185722576901,56.32182240278584,52.64538595473012,54.14368650217707,55.53774409793064,49.19738751814224,56.83047895500726,42.52307692307692,47.544847605224966,43.47185142193848,49.03714451538015,47.09895531050493,51.7501450957632,38.318920487521765,41.1247823563552,0.261184515485519,0.1273882142355679,0.4628647455622371
rhode island,9.0,91.0,186.0,169.5,10.6,25.66,3737,3406,5.61,26.04,24.91,1040,948,22.94,1834,8.07,832,0.0,0.0,0.0,0.0,0.7,3.6,7.6,11.9,1091949.0,1050314.0,766615.0,426769.0,481168.0,588135.0,321249.0,264326.0,35428.0,83508.0,55370.0,188586.0,258023.3828061685,238528.0,48.42293973585326,100.323925695384,1045.0982137274327,1271.5668268012885,2619.122336533342,4105.319189112538,1906.5107697306296,2677763359.0,1323686988.0,12.0,122.0,508.0,594.0,5.967953210027175,62.58070259109312,0.2079192202388664,20.60728744939271,0.2388663967611336,2.764360612585287,1.2769217767812786,15.36219728510757,7.554516269615972,14.956152905884,6.703644297748,2.104662691124,1.079402025728,5.42063676184,2.334838716784,36.408,43.944,38.744,40.608,54.424,51.812,49.408,41.832,53.632,8.765182186234817,58.902834008097166,45.417004048583,8.566801619433198,14.538461538461538,73.98,52.776,76.588,65.77327935222672,60.67346938775511,13.182186234817811,12.48987854251012,49.97570850202429,58.77327935222672,43.184,48.092,26.7,29.012,29.492,30.904,0.2727764426768631,0.1324655984544864,0.495727064143916
south carolina,7.699999999999999,92.4,1629.8,313.8,69.3,20.22,21009,4045,7.79,14.17,22.36,7416,1428,21.64,11581,5.94,2064,0.0,0.0,0.0,561.7,0.0,107.3,47.1,716.1,5078903.0,4946116.0,3507171.0,1976447.0,2325248.0,2444002.0,1872123.0,1659305.0,130624.0,393448.0,285472.0,901497.0,4075043.4258167353,306562.0,121.91429360006434,389.462625664298,554.9106176448217,3620.0541371372815,1183.7097657248669,29247.97483533288,11958.913484122724,77866200776.0,5074243221.0,28.0,236.0,2921.0,3328.0,8.070960319676308,62.58117790432802,0.1898349218024408,29.954233409610985,0.4056445461479787,17.478003852571117,7.229470396901122,21.079195347862125,8.780407403794761,14.900253493764172,5.957632141335601,19.081876605417232,7.778901028453514,24.27699596600151,9.867442217049131,53.10657596371882,55.33635676492819,49.69765684051399,58.229024943310655,48.48148148148148,25.96296296296296,54.56689342403628,46.91761148904006,55.50188964474679,47.36066818526955,58.53454821564161,39.7673531655225,50.47520976353928,64.8321891685736,45.95842781557067,44.665910808767954,34.370370370370374,48.46398786959818,44.22983257229833,54.217160212604405,54.4540622627183,61.770690964312834,64.9468488990129,46.38095238095238,46.0498866213152,67.87981859410431,70.23280423280423,71.37339380196524,75.04686318972033,0.3528905233740371,0.1448544507746587,0.1318405606627763
south dakota,82.1,18.0,410.2,457.7,15.2,18.85,4776,5329,7.74,13.19,24.4,1447,1615,23.13,2901,6.13,555,0.0,0.2,5.8,0.0,176.3,3.3,128.5,314.0,881785.0,853175.0,580235.0,345779.0,391857.0,463198.0,169050.0,247550.0,14841.0,43328.0,59538.0,146784.0,52060.774701545626,116190.0,5.668919254179089,61.74327243799158,76.93180011811843,424.496964715344,4414.471926574907,1211.9686080999966,621.126953835944,196342918877.0,3386737669.0,2.0,34.0,56.0,119.0,4.843502044039398,58.42606595041322,0.0872598680661157,14.50413223140496,0.1491735537190082,0.642473823084364,0.3367678175836526,6.662859961094458,3.434214177593645,3.699623507140496,1.7774193264297522,0.7705502439173554,0.3781711297231405,0.7068847333760331,0.3430521410454545,34.210743801652896,41.43801652892562,28.355371900826448,50.603305785123965,29.65289256198347,27.115702479338843,41.31404958677686,62.4297520661157,54.77685950413223,2.962809917355372,30.62809917355372,14.380165289256198,3.25206611570248,2.772727272727273,13.305785123966942,38.54958677685951,25.512396694214875,39.11157024793389,51.69642857142857,3.7479338842975207,3.5950413223140494,26.764462809917354,29.07851239669421,15.52892561983471,15.925619834710744,12.619834710743802,12.586776859504132,9.84297520661157,9.086776859504132,0.2421341191685103,0.1178917463170695,0.2965112273099622
tennessee,16.4,83.7,2196.1,315.1,92.7,19.57,27981,4016,6.55,12.42,23.27,9381,1346,21.95,15969,6.3,2440,0.0,3.7,0.9,369.1,27.9,58.8,100.4,560.9,6859497.0,6692912.0,4708480.0,2664791.0,3011124.0,3380708.0,1856642.0,2219991.0,179568.0,529162.0,405867.0,1118190.0,8562711.18295279,560008.0,131.6737426475847,599.3895149649051,1209.0437896811409,2159.626530179358,54.53654054201055,35215.94642843717,16379.09232919979,106791957894.0,2322601737.0,19.0,334.0,3113.0,3850.0,7.927857226579047,59.95017844209288,0.2273290777359716,29.291199054932072,0.3623154164205552,15.113975651352924,6.654297143676279,13.13929574548671,5.955240177515993,16.574032563373898,7.0797601544344495,15.87751176646796,7.246621238201645,17.710858427296298,7.982936177368607,43.79952968841858,55.00705467372134,36.0217519106408,56.85243974132863,48.02586713697825,26.573780129335685,54.90417401528513,49.067019400352734,51.79129923574368,43.57730746619635,39.40623162845385,46.61724748966332,47.46898995865328,52.71116361488482,34.41798941798942,41.40917107583774,39.977072310405646,38.90417401528513,35.1701122268163,44.66078777189888,49.239858906525576,42.68959435626103,47.059376837154616,45.56319811875368,49.990593768371546,61.50911228689007,67.65138154027044,59.51440329218107,66.7254556143445,0.3018194424926159,0.1457177258240252,0.1859797205296092
texas,24.7,75.3,14358.7,485.8,663.5,16.53,161664,5469,7.88,14.2,22.09,37049,1253,17.51,110405,6.93,25026,229.8,12097.8,9898.7,420.0,61.5,91.3,1044.6,23843.8,28862581.0,28260264.0,18619469.0,10239341.0,11433880.0,14390216.0,17117549.0,9228226.0,771586.0,2826181.0,1959223.0,3620798.0,84037225.07385993,1571123.0,585.7095860451657,4242.450730963193,5260.737862958766,15356.7141760319,5760.809255475947,152579.99440290686,54517.252384013904,676681550479.0,18978390713.0,57.0,924.0,25872.0,22709.0,9.143532323152376,64.6732850708061,0.2207078630618721,27.56587567331489,0.29647692531664,34.117078470742186,12.10574261036388,30.618439864628424,10.873671439050582,22.121994559040026,7.758173265635441,17.355588013977524,6.199931192461137,14.868165148172418,5.326014903573376,64.0919373549884,56.27987238979118,67.13558584686776,54.07395591647332,47.63268561484919,59.561484918793504,58.05133410672854,57.34672273781903,36.99419953596288,72.82135076252723,68.17748729121278,46.45814529043529,36.624690639103214,31.92560780317368,41.44736078886311,61.40675754060325,41.63355568445476,49.877396862289366,49.48570171579411,72.67610748002905,69.0312273057371,70.18140885984023,66.9998547567175,56.04930394431555,51.32743619489559,60.90110208816705,57.60571345707657,54.17183874709977,50.562790023201856,0.4605704558035114,0.1616257640018618,0.1374094358170627
utah,13.2,86.6,847.2,253.7,62.1,19.68,11114,3328,4.93,11.45,27.61,4039,1209,24.88,7249,6.4,1495,275.2,264.1,201.9,0.0,0.0,4.4,52.8,798.4,3231370.0,3182692.0,1921860.0,1033651.0,1133558.0,1648313.0,733907.0,785363.0,58170.0,132503.0,245639.0,358168.0,3602348.4782007043,186139.0,122.74727610827895,267.6595870150378,614.9220016840087,1604.9813625753334,8741.633600175277,11410.766693482625,5143.278608206515,213355072799.0,6529973239.0,15.0,115.0,662.0,978.0,6.045213518099028,64.46598312849163,0.2600629806591865,17.444600280504908,0.2247265077138849,2.6935327248645824,1.195746740758975,16.925034474111577,7.798599350400274,13.946829564501396,6.186275695339385,2.4339164752081004,1.004034808963687,4.031733476085195,1.733878336821229,33.84357541899441,36.19413407821229,34.26675977653631,41.4804469273743,33.31145251396648,35.4804469273743,34.41201117318436,64.68854748603351,29.178770949720672,10.476256983240225,70.48324022346368,53.3632538569425,7.626928471248247,14.593267882187938,50.720670391061454,53.36871508379888,42.720670391061454,47.68296089385475,71.8172514619883,12.87290502793296,11.706703910614523,54.18994413407821,59.55027932960894,42.70670391061452,45.90642458100559,20.058659217877096,18.97346368715084,25.226256983240223,24.587988826815643,0.2383812644840111,0.1097581784303231,0.1642077423475461
vermont,99.7,0.3,128.8,199.0,5.6,24.24,2813,4349,7.58,21.0,25.09,837,1294,23.46,1759,8.08,111,0.0,0.0,0.0,0.0,0.0,21.8,16.0,37.7,641637.0,617101.0,454463.0,262514.0,333519.0,348907.0,52062.0,158461.0,13668.0,27915.0,29168.0,125131.0,2752.354913411415,115700.0,24.8292487207942,19.94375820642458,116.38322141827835,673.4568554664324,10.853618591707164,251.79109316767327,160.756377537362,23872569964.0,1030754609.0,12.0,36.0,13.0,72.0,5.6725061429484,51.77399238341969,0.0770894862604166,17.395833333333332,0.1848958333333333,1.1418151454662435,0.7151551719512986,0.5412131362803818,0.3399701607563099,2.301304614253886,1.3147398417979277,0.8059926652642487,0.5056551701398964,1.0996159277979274,0.6239728782487046,20.59585492227979,34.49740932642487,12.290155440414509,44.15025906735751,36.16062176165803,19.40414507772021,33.67357512953368,36.96373056994819,66.30569948186529,6.689119170984456,3.186528497409326,11.552083333333334,4.697916666666667,5.421875,45.943005181347154,18.098445595854923,31.34715025906736,43.49740932642487,27.75,6.38860103626943,7.424870466321243,3.1295336787564767,3.637305699481865,10.160621761658032,11.927461139896373,13.77720207253886,17.585492227979273,12.082901554404144,14.077720207253886,0.1708627700877101,0.1068349662409794,0.3469067729274789
virginia,8.7,91.3,2440.4,281.9,98.0,19.73,32132,3712,5.31,15.21,23.08,10948,1265,21.81,18039,5.78,3932,283.6,101.0,,298.5,0.3,116.6,46.0,846.0,8582479.0,8337068.0,5882521.0,3248528.0,3596100.0,4422588.0,3381720.0,1966819.0,202807.0,539599.0,501494.0,1328600.0,9674401.7244418,716931.0,254.00014450454364,458.3863006187718,1364.7584639685797,4021.1888230594254,17628.315601539536,29623.00424428083,11048.044385565976,102258210137.0,8528040726.0,29.0,245.0,2966.0,2445.0,7.5454725029756515,59.07941102926248,0.2111090335209003,29.39825447864033,0.3325677537896187,11.008101428789493,3.900792298772793,10.78588746201628,3.7612164632272136,15.36507113222202,5.259849163575523,15.586032859065968,5.38578429722657,14.569993655267062,5.066328252427661,46.08325750682439,40.47952684258416,50.0213830755232,40.10464058234759,42.1778889899909,36.97270245677889,44.72111010009099,48.52320291173795,47.95177434030937,33.68387391502969,33.097761534947466,44.95130914101975,45.48598989435002,43.89940284795591,49.72929936305732,36.745222929936304,37.9417652411283,45.32373113854595,34.48666053357866,39.89904065783463,33.77752398355413,38.87437185929648,32.099588853357695,46.51000909918108,41.92402183803458,59.35259326660601,58.15241128298453,56.01455868971792,53.61646951774341,0.3163917556677014,0.1175456623214491,0.1993634771001916
washington,74.89999999999999,25.1,1896.8,245.0,73.8,20.92,25940,3351,3.83,11.21,28.61,8729,1128,24.12,16103,7.4,2395,0.0,0.0,0.0,88.9,16.9,107.2,717.9,931.0,7617364.0,7478757.0,5278652.0,2931841.0,3170695.0,3899915.0,2553514.0,1761862.0,198259.0,426501.0,449543.0,1177772.0,3180535.6733326777,683212.0,320.96535055869714,715.7315570737377,2886.4496851716845,11140.460764857671,34.34614853493812,24006.299722455,9482.248941164084,172118963546.0,12548738684.0,46.0,356.0,2176.0,2539.0,7.0186889185576655,49.86556095318669,0.3494675362401129,27.033898305084747,0.3837853107344632,8.19452360385984,3.496883900636944,0.949280668545362,0.4307310326407679,17.775946670559417,7.023960925116032,10.60066409285426,4.122429379057175,16.04009455932175,6.320595233721413,41.70291479820628,39.41423766816144,45.70683856502242,39.618273542600896,47.68217488789238,47.71468609865471,39.46468609865471,50.07959641255606,47.28363228699551,26.40439932318105,3.173152848279752,59.93502824858757,37.155367231638415,55.36327683615819,59.256726457399104,49.76737668161435,51.16872197309417,56.12641083521445,21.768803945746,29.2165820642978,27.19853355893965,4.6395939086294415,4.016920473773266,50.67656950672646,51.151905829596416,51.43217488789238,51.15919282511211,57.60874439461883,58.42656950672646,0.2867455014259571,0.1182003340777771,0.2154770484073678
west virginia,4.9,95.2,853.1,477.8,88.4,19.6,8754,4903,10.25,14.47,24.91,2392,1340,24.29,5134,6.02,665,2045.5,3306.1,103.8,0.0,0.0,11.6,29.7,5496.7,1801049.0,1751049.0,1277914.0,711352.0,859437.0,786365.0,158007.0,644578.0,50277.0,152581.0,93223.0,358875.0,3262100.533333564,286738.0,51.42888396445548,197.0909134648048,338.76895550520504,1117.3263317174133,1670.8429443823595,6489.969676091142,4282.162230972148,62266298634.0,489204185.0,11.0,99.0,274.0,1114.0,7.484976129258869,57.14703258241758,0.1223829602362637,28.13186813186813,0.3071428571428571,7.799373336700089,5.186266920917252,4.61423813179298,3.065596707956335,5.87598780146337,3.649331936968864,9.520679664326009,6.138591845417583,7.968392067256411,5.158558133095238,34.81318681318681,61.091575091575095,14.12087912087912,64.01465201465201,56.747252747252745,9.835164835164836,57.82234432234432,43.91941391941392,66.63186813186813,33.10989010989011,19.11355311355312,22.804029304029303,39.12087912087912,32.17399267399267,41.86813186813187,41.001831501831504,30.15934065934066,42.172161172161175,65.03846153846153,31.721611721611723,43.0054945054945,21.11355311355312,27.034798534798536,24.133699633699635,30.53846153846154,50.03663003663004,62.53663003663004,42.2032967032967,53.96520146520147,0.2285438029736721,0.1549455705074071,0.333634693409755
wisconsin,8.700000000000001,91.0,1763.2,299.9,92.5,19.44,23911,4066,6.49,17.06,24.77,7582,1289,23.31,13019,6.65,3695,0.0,0.0,0.0,104.1,75.4,86.5,38.8,304.9,5871661.0,5726939.0,4027685.0,2401818.0,2718369.0,3123629.0,1165696.0,1479933.0,109017.0,285275.0,329324.0,997078.0,11457567.651166964,946432.0,181.21242527318864,898.4080008765878,2178.500009715768,5102.388381238658,42.7302826623505,26072.434500311752,11628.975865870938,140292321657.0,29343646672.0,37.0,430.0,1904.0,2174.0,7.975352190543642,58.62998435700261,0.1818086845875409,18.983606557377048,0.2121967213114754,12.61665118654834,5.624143784008866,8.417899358768393,3.695247559930004,11.6561373029559,4.860322321136835,1.9508384402029832,0.8302931389792477,3.164231040749676,1.3250626346128405,32.094682230869005,38.30609597924773,29.69649805447471,44.42217898832685,34.77172503242542,30.788586251621272,38.14007782101167,48.452010376134886,53.41958495460441,46.74803664921466,29.96007853403141,36.715409836065575,6.348852459016394,8.979016393442622,53.26394293125811,55.11608300907912,50.28339818417639,49.46596858638743,40.28810160427808,39.700916230366495,43.53599476439791,29.67931937172775,30.25719895287958,33.793774319066145,35.61348897535668,21.76005188067445,22.60570687418937,20.539559014267187,20.71206225680934,0.2300624383703696,0.1128236540789361,0.3481617102019625
wyoming,23.1,76.89999999999999,504.1,869.9,54.6,17.32,5016,8656,12.08,12.62,25.86,1018,1756,23.27,3195,6.46,522,4189.0,1255.6,486.1,0.0,12.6,4.5,84.1,6032.0,576641.0,563382.0,390162.0,230653.0,271818.0,297398.0,98133.0,149018.0,12464.0,24433.0,34262.0,96540.0,212300.680840889,65887.0,6.908851265844822,23.00620747523119,45.623401479328464,590.6745467416621,23.894012036830794,620.5428687465835,321.153967080847,251458712294.0,1867503716.0,1.0,21.0,13.0,50.0,3.4846682125,58.83883690625,0.1064995694339622,10.974842767295597,0.1260377358490566,0.0664986335640033,0.0351997357959036,6.938775494142611,3.51761509984022,5.0047786618,2.41452874274375,0.32445695823125,0.1656501471499999,0.4312999979875,0.21225257084375,30.68125,36.86875,26.95,45.0625,39.5,21.96875,34.70625,52.14375,53.1875,0.3125,31.2,19.955974842767297,1.4779874213836477,1.9119496855345912,15.9375,29.3125,21.93125,49.05625,38.20779220779221,0.4125,0.375,29.025,30.4375,19.71875,20.75,4.83125,4.60625,6.3875,5.6125,0.2184361867113814,0.1099612464979049,0.2423938076212756
